date,dataset_group,dataset_split,protocol,experiment,stage,detector,status,outcome,best_epoch,best_map,best_ap50,final_epoch,final_map,final_ap50,n_replicas,source_file,work_dir,notes
2026-05-22,,test,experiment note,20260522_dota_v1_baseline_server_progress,S0 detector,,blocked,active_then_stopped,,,,,,,,docs/experiments/20260522_dota_v1_baseline_server_progress.md,,# Experiment: dota_v1_baseline_server_progress
2026-05-23,DOTA v1.5,DOTA v1.5 reduced tiled split/val,experiment note,20260523_dota_v15_baseline_server_followup,S0 detector,,invalid,zero_validation,,,,,,,,docs/experiments/20260523_dota_v15_baseline_server_followup.md,,# Experiment: dota_v15_baseline_server_followup
2026-05-24,DOTA v1.5,DOTA v1.5 reduced tiled split/val,experiment note,20260524_dota_v15_anchor_repair_quick_test,S0 detector,,diagnostic,not_paper_evidence,,,,,,,,docs/experiments/20260524_dota_v15_anchor_repair_quick_test.md,,# Experiment: dota_v15_anchor_repair_quick_test
2026-05-25,DOTA v1.5,DOTA v1.5 reduced tiled split/val,,20260525_redet_scratch_dota15_metrics,,ReDet,completed,positive,12,0.1221,0.1220,12,0.1221,0.1220,,docs/experiments/20260525_redet_scratch_dota15_metrics.json,/data5/2025/ldh/OpenRSD/work_dirs/strong_baseline_dota15/redet_scratch_rerun,"Backbone init_cfg was cleared because the expected ReResNet pretrained checkpoint was missing.; Startup log showed an initial grad_norm nan at iter 50, but later training metrics stayed finite.; Rerun should be repeated "
2026-05-25,DOTA v1.5,DOTA v1.5 reduced tiled split/val,,20260525_roi_transformer_dota15_metrics,,RoI Transformer,completed,archive_only,10,0.2485,0.2480,11,0.2436,0.2440,,docs/experiments/20260525_roi_transformer_dota15_metrics.json,/data5/2025/ldh/OpenRSD/work_dirs/strong_baseline_dota15/roi_trans_lr001_rerun,This 1x low-LR rerun record is retained for troubleshooting history.; Use the completed RoI Transformer 3x epoch-34 record for paper-facing S0.; Earlier note about epoch_12.pth absence was resolved later; the 3x continua
2026-05-25,DOTA v1.5,DOTA v1.5 reduced tiled split/val,experiment note,20260525_s0_artifact_archive,S0,,invalid,nan_loss,,,,,,,,docs/experiments/20260525_s0_artifact_archive.md,/data5/2025/ldh/OpenRSD/work_dirs/strong_baseline_dota15/,# S0 Artifact Archive: DOTA v1.5 Strong Baselines
2026-05-25,DOTA v1.5,DOTA v1.5 reduced tiled split/val,experiment note,20260525_strong_detector_midrun_records,S0,,completed,positive,,,,,,,,docs/experiments/20260525_strong_detector_midrun_records.md,/data5/2025/ldh/OpenRSD/work_dirs/strong_baseline_dota15/roi_trans_lr001_rerun/,# Strong Detector Mid-Run Records
2026-05-25,DOTA v1.5,DOTA v1.5 reduced tiled split/val,experiment note,20260525_strong_detector_run_summary,S0,,invalid,nan_loss,,,,,,,,docs/experiments/20260525_strong_detector_run_summary.md,/data5/2025/ldh/OpenRSD/work_dirs/strong_baseline_dota15/roi_trans_lr001_3x/epoch_34.pth,# Strong Detector Run Summary: DOTA v1.5 S0
2026-05-25,DOTA v1.5,DOTA v1.5 reduced tiled split/val,experiment note,20260525_strong_detector_sweep,S0,,invalid,nan_loss,,,,,,,,docs/experiments/20260525_strong_detector_sweep.md,/data5/2025/ldh/OpenRSD/work_dirs/strong_baseline_dota15/oriented_rcnn/epoch_12.pth,# Experiment: strong_detector_sweep
2026-05-25,DOTA v1.5,DOTA v1.5 reduced tiled split/val,experiment note,RoI Transformer early lr0.005 run,S0 detector,RoI Transformer,invalid,nan_loss,,,,,,,,docs/experiments/20260525_strong_detector_sweep.md,/data5/2025/ldh/OpenRSD/work_dirs/strong_baseline_dota15/roi_trans_lr001_rerun,Earlier LR 0.005 run diverged to NaN and was replaced by lower-LR runs.
2026-05-25,DOTA v1.5,val,"MMRotate DOTAMetric mAP, IoU 0.5",strong_detector_sweep,S0 detector,Oriented R-CNN,invalid,nan_loss,,0.2561,0.2560,12,,,,docs/experiments/20260525_oriented_rcnn_dota15_epoch12_metrics.json,/data5/2025/ldh/OpenRSD/work_dirs/strong_baseline_dota15/oriented_rcnn,"Initial near-zero validation was caused by validation pipeline order, not detector collapse.; RoI Transformer previous run diverged to NaN at lr=0.005; wrapper lr lowered to 0.001 but not rerun yet.; ReDet epoch-1 scratc"
2026-05-26,DOTA v1.5,DOTA v1.5 reduced tiled split/val,,20260526_dota15_geonexus_remoteclip_scaffold_metrics,,,diagnostic,not_paper_evidence,,,,10,,,,docs/experiments/20260526_dota15_geonexus_remoteclip_scaffold_metrics.json,/data5/2025/ldh/New/outputs/dota_v15_geonexus,scaffold training did not complete all 12 epochs; metrics reached epoch 10 and the log later reached epoch 11 before the screen/session died. positive_cls_acc is unstable and never recovered the epoch-1 value; log also c
2026-05-26,DOTA v1.5,DOTA v1.5 reduced tiled split/val,,redet_pretrained_dota15_rerun,,ReDet,completed,positive,12,0.2382,0.2380,12,0.2382,0.2380,,docs/experiments/20260525_redet_pretrained_dota15_launch.json,/data5/2025/ldh/OpenRSD/work_dirs/strong_baseline_dota15/redet_pretrained_rerun,Validation pipeline inherits the corrected resize-before-LoadAnnotations order from the DOTA v1.5 ReDet override.; Startup loaded the ReResNet-50 checkpoint from the user-staged Supplements directory.; Observed one initi
2026-05-26,DOTA v1.5,DOTA v1.5 reduced tiled split/val,,20260525_s0_3x_expansion_launch,S0,,completed,archive_only,,,,,,,,docs/experiments/20260525_s0_3x_expansion_launch.json,/data5/2025/ldh/OpenRSD/work_dirs/strong_baseline_dota15/oriented_rcnn_3x_loadfrom,Expand DOTA v1.5 S0 baselines with longer 3x detector runs without sharing busy GPUs.
2026-05-26,DOTA v1.5,val,"MMRotate DOTAMetric mAP, IoU 0.5",s0_strong_detector_dota15,S0 detector,Oriented R-CNN,diagnostic,not_paper_evidence,33,0.2620,0.2620,36,0.2607,0.2610,,docs/experiments/20260526_oriented_rcnn_3x_dota15_metrics.json,/data5/2025/ldh/OpenRSD/work_dirs/strong_baseline_dota15/oriented_rcnn_3x_loadfrom,Large checkpoints and raw logs remain outside Git.; S0 closed-set detector baseline; no prompt/VLM embeddings used.; Validation uses the corrected resize-before-LoadAnnotations DOTA v1.5 pipeline.
2026-05-26,DOTA v1.5,val,"MMRotate DOTAMetric mAP, IoU 0.5",s0_strong_detector_dota15,S0 detector,ReDet,diagnostic,not_paper_evidence,12,0.2382,0.2380,12,0.2382,0.2380,,docs/experiments/20260526_redet_pretrained_dota15_metrics.json,/data5/2025/ldh/OpenRSD/work_dirs/strong_baseline_dota15/redet_pretrained_rerun,Large checkpoints and raw logs remain outside Git.; S0 closed-set detector baseline; no prompt/VLM embeddings used.; Validation uses the corrected resize-before-LoadAnnotations DOTA v1.5 pipeline.
2026-05-26,DOTA v1.5,val,"MMRotate DOTAMetric mAP, IoU 0.5",s0_strong_detector_dota15,S0 detector,RoI Transformer,diagnostic,not_paper_evidence,34,0.2644,0.2640,36,0.2612,0.2610,,docs/experiments/20260526_roi_transformer_3x_dota15_metrics.json,/data5/2025/ldh/OpenRSD/work_dirs/strong_baseline_dota15/roi_trans_lr001_3x,Large checkpoints and raw logs remain outside Git.; S0 closed-set detector baseline; no prompt/VLM embeddings used.; Validation uses the corrected resize-before-LoadAnnotations DOTA v1.5 pipeline.
2026-05-26,DOTA v1.5,DOTA v1.5 reduced tiled split/val,experiment note,20260526_dota15_geonexus_s1_archive,S1,,diagnostic,not_paper_evidence,,,,,,,,docs/experiments/20260526_dota15_geonexus_s1_archive.md,/data5/2025/ldh/OpenRSD/work_dirs/strong_baseline_dota15/roi_trans_lr001_3x/epoch_34.pth,# DOTA v1.5 GeoNexus S1 Archive - 2026-05-26
2026-05-26,DOTA v1.5,DOTA v1.5 reduced tiled split/val,experiment note,20260526_paper_evidence_dota15_summary,S1,,failed,oom,,,,,,,,docs/experiments/20260526_paper_evidence_dota15_summary.md,/data5/2025/ldh/OpenRSD/work_dirs/strong_baseline_dota15/roi_trans_lr001_3x/epoch_34.pth,# DOTA v1.5 Paper Evidence Summary - 2026-05-26
2026-05-26,DOTA v1.5,DOTA v1.5 reduced tiled split/val,experiment note,GeoNexus S1 first GPU0 launch,S1,RoI Transformer,failed,oom,,,,,,,,docs/experiments/20260526_paper_evidence_dota15_summary.md,/data5/2025/ldh/OpenRSD/work_dirs/geonexus_dota15/roi_trans_remoteclip_s1,GPU 0 launch reached training but hit CUDA OOM during RPN target assignment.
2026-05-27,DOTA v1.5,DOTA v1.5 reduced tiled split/val,experiment note,20260527_dota15_geonexus_s2_archive,S2,,completed,archive_only,,,,,,,,docs/experiments/20260527_dota15_geonexus_s2_archive.md,/data5/2025/ldh/OpenRSD/work_dirs/geonexus_dota15/roi_trans_remoteclip_s2_hierarchy_frozen_offsets_12e,# DOTA v1.5 GeoNexus S2 Archive - 2026-05-27
2026-05-28,DOTA v1.5,DOTA v1.5 reduced tiled split/val,experiment note,20260528_s0_opensrd_status_and_protocol_correction,S0,,failed,oom,,,,,,,,docs/experiments/20260528_s0_opensrd_status_and_protocol_correction.md,/data5/2025/ldh/OpenRSD/work_dirs/s0_full_dota15_oriented_rcnn_3x,# Experiment: S0 and OpenRSD Reproduction Status
2026-05-31,DOTA2,DOTA2_1024_500/ss_val,experiment note,20260531_resume_opensrd_dota2_launch,S0,,diagnostic,not_paper_evidence,,,,,,,,docs/experiments/20260531_resume_opensrd_dota2_launch.md,,# 2026-05-31 Resume OpenRSD DOTA2 Launch
2026-05-31,DOTA2,DOTA2_1024_500/ss_val,experiment note,20260531_geonexus_publication_forward_handoff,S0 detector,,failed,oom,,,,,,,,docs/experiments/20260531_geonexus_publication_forward_handoff.md,/data5/2025/ldh/OpenRSD/work_dirs/strong_baseline_dota15/roi_trans_lr001_3x/epoch_34.pth,# GeoNexus-RSD Publication Forward Handoff - 2026-05-31
2026-06-01,DOTA v1.5,DOTA v1.5 reduced tiled split/val,experiment note,20260601_s2_hierarchy_regularizer_12e,S2,,launch_only,active_then_stopped,,,,,,,,docs/experiments/20260601_s2_hierarchy_regularizer_12e.md,/data5/2025/ldh/OpenRSD/work_dirs/geonexus_dota15/roi_trans_remoteclip_s2_hierarchy_reg_frozen_12e,# 2026-06-01 S2 Hierarchy Regularizer 12e
2026-06-01,DOTA v1.5,DOTA v1.5 reduced tiled split/val,experiment note,20260601_s2_hierarchy_regularizer_72e,S2,,completed,archive_only,,,,,,,,docs/experiments/20260601_s2_hierarchy_regularizer_72e.md,/data5/2025/ldh/OpenRSD/work_dirs/geonexus_dota15/roi_trans_remoteclip_s2_hierarchy_reg_frozen_12e/epoch_12.pth,# 2026-06-01 S2 Hierarchy Regularizer 72e
2026-06-01,DOTA v1.5,DOTA v1.5 reduced tiled split/val,,GeoNexus S2 hierarchy regularizer 12e,S2,,diagnostic,not_paper_evidence,11,0.3652,0.3650,12,0.3644,0.3640,,docs/experiments/20260601_s2_hierarchy_regularizer_12e_metrics.json,/data5/2025/ldh/OpenRSD/work_dirs/geonexus_dota15/roi_trans_remoteclip_s2_hierarchy_reg_frozen_12e,"Validation used the same DOTA v1.5 reduced tiled split and DOTAMetric protocol as the S0/S1 records.; This result is paper-facing evidence for the S2 hierarchy regularizer, subject to repeat/longer-run confirmation.; A 7"
2026-06-01,DOTA v1.5,DOTA v1.5 reduced tiled split/val,"MMRotate DOTAMetric mAP, IoU 0.5",GeoNexus S2 hierarchy regularizer 72e,S2,,completed,positive,56,0.3757,0.3760,72,0.3738,0.3740,,docs/experiments/20260601_s2_hierarchy_regularizer_72e_metrics.json,/data5/2025/ldh/OpenRSD/work_dirs/geonexus_dota15/roi_trans_remoteclip_s2_hierarchy_reg_frozen_72e,Validation used the same DOTA v1.5 reduced tiled split and DOTAMetric protocol as the S0/S1/S2 12e records.; The 72e result supersedes the 12e result as the strongest completed S2 hierarchy-regularizer evidence.; No new 
2026-06-02,DOTA v1.5,DOTA v1.5 reduced tiled split/val,"MMRotate DOTAMetric mAP, IoU 0.5",GeoNexus S2 hierarchy regularizer 144e,S2,,completed,positive,30,0.3819,0.3820,144,0.3723,0.3720,,docs/experiments/20260602_s2_hierarchy_regularizer_144e_metrics.json,/data5/2025/ldh/OpenRSD/work_dirs/geonexus_dota15/roi_trans_remoteclip_s2_hierarchy_reg_frozen_144e,"S2 144e completed cleanly and produced epoch_144.pth.; The best observed validation occurs much earlier than the final epoch, so use best and final numbers separately in comparisons.; The final epoch underperforms the S2"
2026-06-02,DOTA v1.5,DOTA v1.5 reduced tiled split/val,experiment note,20260602_s3_scene_adapter_72e,S3,,completed,positive,,,,,,,,docs/experiments/20260602_s3_scene_adapter_72e.md,/data5/2025/ldh/OpenRSD/work_dirs/geonexus_dota15/roi_trans_remoteclip_s3_scene_adapter_72e,# 2026-06-02 S3 Scene Adapter 72e
2026-06-02,DOTA v1.5,DOTA v1.5 reduced tiled split/val,"MMRotate DOTAMetric mAP, IoU 0.5",GeoNexus S3 scene adapter 72e,S3,,completed,positive,51,0.3800,0.3800,72,0.3759,0.3760,,docs/experiments/20260602_s3_scene_adapter_72e_metrics.json,/data5/2025/ldh/OpenRSD/work_dirs/geonexus_dota15/roi_trans_remoteclip_s3_scene_adapter_72e,S3 72e completed and produced epoch_72.pth.; The final epoch slightly exceeds the S2 72e final record; the best observed S3 72e validation also exceeds the best observed S2 72e validation.; Treat this as completed S3 evi
2026-06-02,DOTA2,DOTA2_1024_500/ss_val,experiment note,20260602_opensrd_dota2_epoch12_ssval,,,completed,positive,,,,,,,,docs/experiments/20260602_opensrd_dota2_epoch12_ssval.md,/data5/2025/ldh/OpenRSD/work_dirs/opensrd_formal_dota2_ssval_eval/a10_formal_dota2_eval_no_star.py,# 2026-06-02 OpenRSD DOTA2 Epoch-12 ss_val Evaluation
2026-06-02,DOTA2,DOTA2_1024_500/ss_val,"DETAILDOTAMetric mAP, IoU 0.5",OpenRSD DOTA2 epoch-12 ss_val evaluation,,,completed,positive,,0.4202,0.4200,,0.4202,0.4200,,docs/experiments/20260602_opensrd_dota2_epoch12_ssval_metrics.json,/data5/2025/ldh/OpenRSD/work_dirs/opensrd_dota2_epoch12_ssval_eval_20260602,This is DOTA2 ss_val evidence for the completed OpenRSD DOTA2 epoch-12 checkpoint.; This is not a GeoNexus S2 or S3 result.; Evaluation completed in detached screen opensrd_dota2_epoch12_ssval_eval_20260602_gpu0 on GPU 0
2026-06-02,DOTA2,DOTA2_1024_500/ss_val,experiment note,20260602_gpu_status_2025,S0,,failed,oom,,,,,,,,docs/experiments/20260602_gpu_status_2025.md,,# GPU Status 2026-06-02 20:25 +0800
2026-06-02,DOTA2,DOTA2_1024_500/ss_val,experiment note,20260602_s0_dota2_orcnn_r50_validpng_launch,S0,,completed,positive,,,,,,,,docs/experiments/20260602_s0_dota2_orcnn_r50_validpng_launch.md,/data5/2025/ldh/OpenRSD/work_dirs/s0_dota2_1024_500_orcnn_r50_validpng_20260602/G02_Baselines_Data1_DOTA2_M5_ORCNN_R50_validpng_20260602.py,# 2026-06-02 S0 DOTA2 Oriented R-CNN R50 Valid-PNG Launch
2026-06-02,DOTA2,DOTA2_1024_500/ss_val,experiment note,20260602_s0_dota2_roi_trans_rebuild_failure,S0,,launch_only,active_then_stopped,,,,,,,,docs/experiments/20260602_s0_dota2_roi_trans_rebuild_failure.md,/data5/2025/ldh/OpenRSD/work_dirs/s0_dota2_1024_500_roi_trans_rebuild_20260601,# 2026-06-02 S0 DOTA2 RoI Transformer Rebuild Failure
2026-06-02,DOTA2,DOTA2_1024_500/ss_val,experiment note,20260602_s0_dota2_roi_trans_rebuild_validpng_restart,S0,,completed,positive,,,,,,,,docs/experiments/20260602_s0_dota2_roi_trans_rebuild_validpng_restart.md,/data5/2025/ldh/OpenRSD/work_dirs/s0_dota2_1024_500_roi_trans_rebuild_20260601,# 2026-06-02 S0 DOTA2 RoI Transformer Valid-PNG Restart
2026-06-02,DOTA2,DOTA2_1024_500/ss_val,experiment note,S0 DOTA2 Oriented R-CNN R50 valid-PNG,S0 detector,Oriented R-CNN,failed,oom,,,,,,,,docs/experiments/20260602_gpu_status_2025.md,,Failed after entering training at epoch 1 iter 300 with CUDA out-of-memory.
2026-06-02,DOTA2,DOTA2_1024_500/ss_val,experiment note,20260602_active_process_snapshot_1625,S3,,completed,archive_only,,,,,,,,docs/experiments/20260602_active_process_snapshot_1625.md,,# 2026-06-02 Active Process Snapshot 16:25
2026-06-03,DOTA v1.5,DOTA v1.5 reduced tiled split/val,"MMRotate DOTAMetric mAP, IoU 0.5",GeoNexus S3 scene adapter 144e,S3,,completed,positive,,,,144,0.3712,0.3710,,docs/experiments/20260603_s3_scene_adapter_144e_metrics.json,/data5/2025/ldh/OpenRSD/work_dirs/geonexus_dota15/roi_trans_remoteclip_s3_scene_adapter_144e,S3 144e completed and produced epoch_144.pth.; The final epoch is below the S3 72e final and below the S2 144e final; the best observed S3 144e validation is slightly above the S3 72e best but below the S2 144e best.; Tr
2026-06-03,DOTA2,DOTA2_1024_500/ss_val,,s0_dota2_roi_trans_rebuild_validpng_restart,S0,RoI Transformer,diagnostic,not_paper_evidence,,0.6088,0.6090,,0.6088,0.6090,,docs/experiments/20260603_s0_dota2_roi_trans_validpng_metrics.json,/data5/2025/ldh/OpenRSD/work_dirs/s0_dota2_1024_500_roi_trans_rebuild_20260602_validpng_restart,This is S0 DOTA2 ss_val evidence only.; Do not cite as GeoNexus S1/S2/S3/S4 evidence.
2026-06-03,DOTA2,DOTA2_1024_500/ss_val,experiment note,20260603_geonexus_s1_rerun_launch,S1,,completed,positive,,,,,,,,docs/experiments/20260603_geonexus_s1_rerun_launch.md,/data5/2025/ldh/OpenRSD/work_dirs/geonexus_dota15/roi_trans_remoteclip_s1_rerun_20260603/roi-trans-le90_r50_fpn_remoteclip-s1-rerun-20260603_dota15.py,# 2026-06-03 GeoNexus S1 Rerun Launch
2026-06-04,DOTA2,DOTA2_1024_500/ss_val,experiment note,20260604_gpu_pruning_and_next_priority,S0,,blocked,active_then_stopped,,,,,,,,docs/experiments/20260604_gpu_pruning_and_next_priority.md,/data5/2025/ldh/OpenRSD/work_dirs/geonexus_dota15/roi_trans_remoteclip_s1_rerun_20260603/epoch_25.pth,# 2026-06-04 GPU Pruning And Next Priority
2026-06-04,DOTA2,DOTA2_1024_500/ss_val,experiment note,GPU pruning and detector evidence,S0 detector,,blocked,active_then_stopped,,,,,,,,docs/experiments/20260604_gpu_pruning_and_next_priority.md,,Detector follow-up was blocked/paused by GPU availability and active processes.
2026-06-05,DOTA v1.5,DOTA v1.5 reduced tiled split/val,experiment note,20260605_geonexus_s1_retry2,S1,,completed,positive,,,,,,,,docs/experiments/20260605_geonexus_s1_retry2.md,/data5/2025/ldh/OpenRSD/work_dirs/geonexus_dota15/roi_trans_remoteclip_s1_rerun_20260603,# GeoNexus S1 Retry 2 Metrics - 2026-06-05
2026-06-05,DOTA v1.5,DOTA v1.5 reduced tiled split/val,,GeoNexus S1 RemoteCLIP prompt-head rerun retry 2,S1,,diagnostic,not_paper_evidence,32,0.3800,0.3800,36,0.3793,0.3790,,docs/experiments/20260605_geonexus_s1_retry2_metrics.json,/data5/2025/ldh/OpenRSD/work_dirs/geonexus_dota15/roi_trans_remoteclip_s1_rerun_20260603,Best rounded log line is epoch 32 at dota/mAP=0.3800 and dota/AP50=0.3800. Use epoch_32.pth as the S2 initialization checkpoint.
2026-06-05,DOTA v1.5,DOTA v1.5 reduced tiled split/val,experiment note,20260605_geonexus_s2_rerun_s1e32,S2,,completed,positive,,,,,,,,docs/experiments/20260605_geonexus_s2_rerun_s1e32.md,/data5/2025/ldh/OpenRSD/work_dirs/geonexus_dota15/roi_trans_remoteclip_s1_rerun_20260603/epoch_32.pth,# GeoNexus S2 Rerun From S1 Epoch 32 - 2026-06-05
2026-06-05,DOTA v1.5,DOTA v1.5 reduced tiled split/val,,GeoNexus S2 hierarchy regularizer rerun from S1 epoch 32,S2,,diagnostic,not_paper_evidence,4,0.3858,0.3860,12,0.3784,0.3780,,docs/experiments/20260605_geonexus_s2_rerun_s1e32_metrics.json,/data5/2025/ldh/OpenRSD/work_dirs/geonexus_dota15/roi_trans_remoteclip_s2_hierarchy_reg_rerun_s1e32_20260604,Best rounded log line is epoch 4 at dota/mAP=0.3858 and dota/AP50=0.3860. Use epoch_4.pth as the S3 initialization checkpoint.
2026-06-05,DOTA v1.5,DOTA v1.5 reduced tiled split/val,experiment note,20260605_geonexus_s3_identity_rerun_s2e4,S3,,blocked,active_then_stopped,,,,,,,,docs/experiments/20260605_geonexus_s3_identity_rerun_s2e4.md,/data5/2025/ldh/OpenRSD/work_dirs/geonexus_dota15/roi_trans_remoteclip_s2_hierarchy_reg_rerun_s1e32_20260604/epoch_4.pth,# GeoNexus S3 Identity Rerun From S2 Epoch 4 - 2026-06-05
2026-06-05,DOTA v1.5,DOTA v1.5 reduced tiled split/val,experiment note,20260605_geonexus_s3_rerun_s2e4,S3,,blocked,active_then_stopped,,,,,,,,docs/experiments/20260605_geonexus_s3_rerun_s2e4.md,/data5/2025/ldh/OpenRSD/work_dirs/geonexus_dota15/roi_trans_remoteclip_s2_hierarchy_reg_rerun_s1e32_20260604/epoch_4.pth,# GeoNexus S3 Rerun From S2 Epoch 4 - 2026-06-05
2026-06-05,DOTA v1.5,DOTA v1.5 reduced tiled split/val,,GeoNexus S3 identity scene adapter rerun from S2 epoch 4,S3,,diagnostic,not_paper_evidence,9,0.3806,0.3810,12,0.3792,0.3790,,docs/experiments/20260605_geonexus_s3_identity_rerun_s2e4_metrics.json,/data5/2025/ldh/OpenRSD/work_dirs/geonexus_dota15/roi_trans_remoteclip_s3_scene_adapter_identity_rerun_s2e4_20260605,Identity-initialized reduced-scale scene adapter did not recover the S2 best or the prior S3 rerun best. Run one adapter-off S3 diagnostic from S2 epoch 4 before deciding whether to stop S3.
2026-06-05,DOTA v1.5,DOTA v1.5 reduced tiled split/val,,GeoNexus S3 scene adapter rerun from S2 epoch 4,S3,,launch_only,active_then_stopped,2,0.3827,0.3830,12,0.3756,0.3760,,docs/experiments/20260605_geonexus_s3_rerun_s2e4_metrics.json,/data5/2025/ldh/OpenRSD/work_dirs/geonexus_dota15/roi_trans_remoteclip_s3_scene_adapter_rerun_s2e4_20260605,"Hierarchy is currently positive, but the scene adapter is not stable enough to support the paper claim. Run a controlled S3 repair before any S4 launch."
2026-06-05,DOTA2,DOTA2_1024_500/ss_val,experiment note,20260605_dota2_baseline_status,S1,,completed,positive,,,,,,,,docs/experiments/20260605_dota2_baseline_status.md,/data5/2025/ldh/OpenRSD/work_dirs/s0_dota2_1024_500_r3det_kfiou_validpng_bs1_20260603/epoch_12.pth,# DOTA2 Baseline Status - 2026-06-05
2026-06-05,DOTA2 formal,DOTA2_1024_500/ss_val,valid-PNG formal,Oriented R-CNN,S0 detector,Oriented R-CNN,completed,positive,12,0.5973,0.5970,12,0.5973,0.5970,,docs/experiments/20260605_dota2_baseline_status.md,,completed epoch 12
2026-06-05,DOTA2 formal,DOTA2_1024_500/ss_val,valid-PNG formal,R3Det-KFIoU,S0 detector,R3Det-KFIoU,completed,positive,12,0.5633,0.5630,12,0.5633,0.5630,,docs/experiments/20260607_current_status_and_next_launch.md,,completed epoch 12
2026-06-05,DOTA2 formal,DOTA2_1024_500/ss_val,valid-PNG formal,RTMDet-L,S0 detector,RTMDet-L,completed,positive,12,0.2779,0.2780,12,0.2779,0.2780,,docs/experiments/20260607_current_status_and_next_launch.md,,completed epoch 12
2026-06-05,DOTA2 formal,DOTA2_1024_500/ss_val,valid-PNG formal,RTMDet-M,S0 detector,RTMDet-M,completed,positive,12,0.3312,0.3310,12,0.3312,0.3310,,docs/experiments/20260605_dota2_baseline_status.md,,completed epoch 12
2026-06-05,DOTA2 formal,DOTA2_1024_500/ss_val,valid-PNG formal,RoI Transformer,S0 detector,RoI Transformer,completed,positive,12,0.6088,0.6090,12,0.6088,0.6090,,docs/experiments/20260603_s0_dota2_roi_trans_validpng_metrics.json,/data5/2025/ldh/OpenRSD/work_dirs/s0_dota2_1024_500_roi_trans_rebuild_20260602_validpng_restart,closed-set S0
2026-06-05,DOTA2 formal,DOTA2_1024_500/ss_val,valid-PNG formal,S2ANet,S0 detector,S2ANet,completed,positive,12,0.5869,0.5870,12,0.5869,0.5870,,docs/experiments/20260605_dota2_baseline_status.md,,completed epoch 12
2026-06-06,DIOR-R,DIOR_R_dota/test,experiment note,20260606_dior_r_orcnn_baseline_launch,S0,,failed,oom,,,,,,,,docs/experiments/20260606_dior_r_orcnn_baseline_launch.md,/data5/2025/ldh/OpenRSD/work_dirs/s0_dior_r_orcnn_r50_20260606/G02_Baselines_Data2_DIOR_R_M5_ORCNN_R50.py,# DIOR-R Oriented R-CNN Baseline Launch
2026-06-06,DIOR-R,DIOR_R_dota/test,experiment note,20260606_dota2_cross_dataset_pivot,S2,,blocked,active_then_stopped,,,,,,,,docs/experiments/20260606_dota2_cross_dataset_pivot.md,/data5/2025/ldh/OpenRSD/work_dirs/geonexus_dota15/roi_trans_remoteclip_s2_hierarchy_reg_refine_s2e4_lr5e5_20260606,# DOTA2 Cross-Dataset Pivot
2026-06-06,DOTA v1.5,DOTA v1.5 reduced tiled split/val,experiment note,20260606_geonexus_s2_refine_s2e4_lr1e4,S2,,completed,positive,,,,,,,,docs/experiments/20260606_geonexus_s2_refine_s2e4_lr1e4.md,/data5/2025/ldh/OpenRSD/work_dirs/geonexus_dota15/roi_trans_remoteclip_s2_hierarchy_reg_rerun_s1e32_20260604/epoch_4.pth,# GeoNexus S2 Refinement From S2 Epoch 4 LR 1e-4 - 2026-06-06
2026-06-06,DOTA v1.5,DOTA v1.5 reduced tiled split/val,,GeoNexus S2 hierarchy refinement from S2 epoch 4 with LR 1e-4,S2,,diagnostic,not_paper_evidence,1,0.3804,0.3800,12,0.3765,0.3760,,docs/experiments/20260606_geonexus_s2_refine_s2e4_lr1e4_metrics.json,/data5/2025/ldh/OpenRSD/work_dirs/geonexus_dota15/roi_trans_remoteclip_s2_hierarchy_reg_refine_s2e4_lr1e4_20260606,LR 1e-4 refinement did not improve the S2 rerun best; continue with a lower-LR S2 refinement from the same checkpoint.
2026-06-06,DOTA v1.5,DOTA v1.5 reduced tiled split/val,experiment note,20260606_geonexus_s3_adapter_off_rerun_s2e4,S3,,blocked,active_then_stopped,,,,,,,,docs/experiments/20260606_geonexus_s3_adapter_off_rerun_s2e4.md,/data5/2025/ldh/OpenRSD/work_dirs/geonexus_dota15/roi_trans_remoteclip_s2_hierarchy_reg_rerun_s1e32_20260604/epoch_4.pth,# GeoNexus S3 Adapter-Off Rerun From S2 Epoch 4 - 2026-06-06
2026-06-06,DOTA v1.5,DOTA v1.5 reduced tiled split/val,,GeoNexus S3 adapter-off rerun from S2 epoch 4,S3,,blocked,active_then_stopped,3,0.3772,0.3770,12,0.3758,0.3760,,docs/experiments/20260606_geonexus_s3_adapter_off_rerun_s2e4_metrics.json,/data5/2025/ldh/OpenRSD/work_dirs/geonexus_dota15/roi_trans_remoteclip_s3_adapter_off_rerun_s2e4_20260605,Stop S3 diagnostics and do not launch S4 from S3 because adapter-off best mAP stayed below 0.3827.
2026-06-07,DIOR-R,DIOR_R_dota/test,experiment note,20260607_dior_orcnn_nan_diag_and_roi_trans_launch,S0,,failed,oom,,,,,,,,docs/experiments/20260607_dior_orcnn_nan_diag_and_roi_trans_launch.md,/data5/2025/ldh/OpenRSD/work_dirs/s0_dior_r_orcnn_r50_nan_diag_lr2p5e4_2e_20260607,# DIOR-R ORCNN NaN Diagnostic And RoI Transformer Launch - 2026-06-07
2026-06-07,DIOR-R,DIOR_R_dota/test,diagnostic,DIOR-R Oriented R-CNN NaN diagnostics,S0 detector,Oriented R-CNN,invalid,nan_loss,,,,,,,,docs/experiments/20260607_dior_orcnn_nan_diag_and_roi_trans_launch.md,,DIOR-R detector evidence blocked by NaN/Inf diagnostics before sanitized relaunches.
2026-06-07,DIOR-R,DIOR_R_dota/test,experiment note,20260607_current_status_and_next_launch,S1,,failed,oom,,,,,,,,docs/experiments/20260607_current_status_and_next_launch.md,/data5/2025/ldh/OpenRSD/work_dirs/s0_dota2_1024_500_r3det_kfiou_validpng_bs1_20260603/epoch_12.pth,# Current Status And DOTA2 GeoNexus S1 Launch - 2026-06-07
2026-06-07,DOTA2 formal,DOTA2_1024_500/ss_val,valid-PNG formal,S1 RemoteCLIP default,S1,RoI Transformer,completed,positive,12,0.6177,0.6180,12,0.6177,0.6180,,/data5/2025/ldh/OpenRSD/work_dirs/geonexus_dota2/roi_trans_remoteclip_s1_validpng_20260607/20260607_101146/vis_data/scalars.json,/data5/2025/ldh/OpenRSD/work_dirs/geonexus_dota2/roi_trans_remoteclip_s1_validpng_20260607,default LR
2026-06-07,DOTA2 formal,DOTA2_1024_500/ss_val,valid-PNG formal,S1 RemoteCLIP lr1e-4,S1,RoI Transformer,completed,positive,8,0.6017,0.6020,12,0.5997,0.6000,,/data5/2025/ldh/OpenRSD/work_dirs/geonexus_dota2/roi_trans_remoteclip_s1_validpng_lr1e4_20260607/20260607_154103/vis_data/scalars.json,/data5/2025/ldh/OpenRSD/work_dirs/geonexus_dota2/roi_trans_remoteclip_s1_validpng_lr1e4_20260607,low-LR replicate
2026-06-07,DOTA2 formal,DOTA2_1024_500/ss_val,valid-PNG formal,S1 RemoteCLIP lr5e-5,S1,RoI Transformer,completed,positive,12,0.6047,0.6050,12,0.6047,0.6050,,/data5/2025/ldh/OpenRSD/work_dirs/geonexus_dota2/roi_trans_remoteclip_s1_validpng_lr5e5_20260607/20260607_161931/vis_data/scalars.json,/data5/2025/ldh/OpenRSD/work_dirs/geonexus_dota2/roi_trans_remoteclip_s1_validpng_lr5e5_20260607,low-LR replicate
2026-06-08,DOTA2,DOTA2_1024_500/ss_val,experiment note,20260608_dota2_s1_complete_and_s2_launch,S1,,failed,oom,,,,,,,,docs/experiments/20260608_dota2_s1_complete_and_s2_launch.md,/data5/2025/ldh/OpenRSD/work_dirs/s0_dota2_1024_500_roi_trans_rebuild_20260602_validpng_restart/epoch_12.pth,# DOTA2 S1 Completion And S2 Launch - 2026-06-08
2026-06-09,DIOR-R,DIOR_R_dota/test,experiment note,20260609_comprehensive_diagnosis_and_next_steps,S1,,invalid,nan_loss,,,,,,,,docs/experiments/20260609_comprehensive_diagnosis_and_next_steps.md,/data5/2025/ldh/OpenRSD/work_dirs/geonexus_dota2/roi_trans_remoteclip_s2_hierarchy_reg_s1e12_20260608/epoch_12.pth,# GeoNexus-RSD Comprehensive Diagnosis And Next Steps - 2026-06-09
2026-06-09,DIOR-R,DIOR_R_dota/test,experiment note,20260609_dota2_s2_live_and_dior_r_diagnostics_policy,S2,,failed,oom,,,,,,,,docs/experiments/20260609_dota2_s2_live_and_dior_r_diagnostics_policy.md,/data5/2025/ldh/OpenRSD/work_dirs/geonexus_dota2/roi_trans_remoteclip_s2_hierarchy_reg_s1e12_20260608/epoch_12.pth,# DOTA2 S2 Live Status And DIOR-R Diagnostic Policy - 2026-06-09
2026-06-09,DOTA2 formal,DOTA2_1024_500/ss_val,valid-PNG formal,S2 hierarchy hw1e-2,S2 diagnostic,RoI Transformer,diagnostic,below_baseline,12,0.6087,0.6090,12,0.6087,0.6090,,/data5/2025/ldh/OpenRSD/work_dirs/geonexus_dota2/roi_trans_remoteclip_s2_hierarchy_reg_s1e12_hw1e2_20260608/20260608_194400/vis_data/scalars.json,/data5/2025/ldh/OpenRSD/work_dirs/geonexus_dota2/roi_trans_remoteclip_s2_hierarchy_reg_s1e12_hw1e2_20260608,metric-bearing diagnostic run
2026-06-09,DOTA2 formal,DOTA2_1024_500/ss_val,valid-PNG formal,S2 hierarchy lr1e-4,S2 diagnostic,RoI Transformer,diagnostic,below_baseline,4,0.6099,0.6100,12,0.6083,0.6080,,/data5/2025/ldh/OpenRSD/work_dirs/geonexus_dota2/roi_trans_remoteclip_s2_hierarchy_reg_s1e12_lr1e4_20260608/20260608_194400/vis_data/scalars.json,/data5/2025/ldh/OpenRSD/work_dirs/geonexus_dota2/roi_trans_remoteclip_s2_hierarchy_reg_s1e12_lr1e4_20260608,metric-bearing diagnostic run
2026-06-09,DOTA2 formal,DOTA2_1024_500/ss_val,valid-PNG formal,S2 hierarchy lr5e-5,S2 diagnostic,RoI Transformer,diagnostic,below_baseline,4,0.6190,0.6190,12,0.6130,0.6130,,/data5/2025/ldh/OpenRSD/work_dirs/geonexus_dota2/roi_trans_remoteclip_s2_hierarchy_reg_s1e12_lr5e5_20260609/20260609_153415/vis_data/scalars.json,/data5/2025/ldh/OpenRSD/work_dirs/geonexus_dota2/roi_trans_remoteclip_s2_hierarchy_reg_s1e12_lr5e5_20260609,metric-bearing diagnostic run
2026-06-09,DOTA2 formal,DOTA2_1024_500/ss_val,valid-PNG formal,S2 hierarchy regularizer,S2 diagnostic,RoI Transformer,diagnostic,below_baseline,4,0.6038,0.6040,12,0.5924,0.5920,,/data5/2025/ldh/OpenRSD/work_dirs/geonexus_dota2/roi_trans_remoteclip_s2_hierarchy_reg_s1e12_20260608/20260608_105856/vis_data/scalars.json,/data5/2025/ldh/OpenRSD/work_dirs/geonexus_dota2/roi_trans_remoteclip_s2_hierarchy_reg_s1e12_20260608,metric-bearing diagnostic run
2026-06-09,DOTA2 formal,DOTA2_1024_500/ss_val,valid-PNG formal,S2 rescue lr1e-5,S2 diagnostic,RoI Transformer,diagnostic,below_baseline,2,0.6160,0.6160,4,0.6156,0.6160,,/data5/2025/ldh/OpenRSD/work_dirs/geonexus_dota2/roi_trans_remoteclip_s2_hierarchy_reg_s2e4_rescue_lr1e5_20260610/20260610_100055/vis_data/scalars.json,/data5/2025/ldh/OpenRSD/work_dirs/geonexus_dota2/roi_trans_remoteclip_s2_hierarchy_reg_s2e4_rescue_lr1e5_20260610,metric-bearing diagnostic run
2026-06-10,DIOR-R,DIOR_R_dota/test,experiment note,20260610_dota2_s2_loss0_rep3407_launch,S2,,failed,oom,,,,,,,,docs/experiments/20260610_dota2_s2_loss0_rep3407_launch.md,/data5/2025/ldh/OpenRSD/work_dirs/geonexus_dota2/roi_trans_remoteclip_s2_hierarchy_ablate_loss0_s1e12_rep3407_20260610,# DOTA2 S2 Loss-0 Rep3407 Launch - 2026-06-10
2026-06-10,DIOR-R,DIOR_R_dota/test,experiment note,20260610_dota2_s2_loss0_rep4407_rep5407_launch,S2,,failed,oom,,,,,,,,docs/experiments/20260610_dota2_s2_loss0_rep4407_rep5407_launch.md,/data5/2025/ldh/OpenRSD/work_dirs/geonexus_dota2/roi_trans_remoteclip_s2_hierarchy_ablate_loss0_s1e12_rep3407_20260610/roi-trans-le90_r50_fpn_remoteclip-s2-hierarchy-ablate-loss0-s1e12-rep3407-20260610_dota2.py,# DOTA2 S2 Loss-0 Rep4407/Rep5407 Launch - 2026-06-10
2026-06-10,DOTA2 formal,DOTA2_1024_500/ss_val,valid-PNG formal,S2 loss-0,S2,RoI Transformer,completed,positive,2,0.6204,0.6200,4,0.6179,0.6180,,/data5/2025/ldh/OpenRSD/work_dirs/geonexus_dota2/roi_trans_remoteclip_s2_hierarchy_ablate_loss0_s1e12_20260610/20260610_100253/vis_data/scalars.json,/data5/2025/ldh/OpenRSD/work_dirs/geonexus_dota2/roi_trans_remoteclip_s2_hierarchy_ablate_loss0_s1e12_20260610,loss-0 stability replicate
2026-06-10,DOTA2 formal,DOTA2_1024_500/ss_val,valid-PNG formal,S2 loss-0 rep3407,S2,RoI Transformer,completed,positive,1,0.6211,0.6210,4,0.6203,0.6200,,/data5/2025/ldh/OpenRSD/work_dirs/geonexus_dota2/roi_trans_remoteclip_s2_hierarchy_ablate_loss0_s1e12_rep3407_20260610/20260610_191026/vis_data/scalars.json,/data5/2025/ldh/OpenRSD/work_dirs/geonexus_dota2/roi_trans_remoteclip_s2_hierarchy_ablate_loss0_s1e12_rep3407_20260610,loss-0 stability replicate
2026-06-10,DOTA2 formal,DOTA2_1024_500/ss_val,valid-PNG formal,S2 loss-0 rep4407,S2,RoI Transformer,completed,positive,3,0.6206,0.6210,4,0.6148,0.6150,,/data5/2025/ldh/OpenRSD/work_dirs/geonexus_dota2/roi_trans_remoteclip_s2_hierarchy_ablate_loss0_s1e12_rep4407_20260610/20260610_210021/vis_data/scalars.json,/data5/2025/ldh/OpenRSD/work_dirs/geonexus_dota2/roi_trans_remoteclip_s2_hierarchy_ablate_loss0_s1e12_rep4407_20260610,loss-0 stability replicate
2026-06-10,DOTA2 formal,DOTA2_1024_500/ss_val,valid-PNG formal,S2 loss-0 rep5407,S2,RoI Transformer,completed,positive,1,0.6212,0.6210,4,0.6150,0.6150,,/data5/2025/ldh/OpenRSD/work_dirs/geonexus_dota2/roi_trans_remoteclip_s2_hierarchy_ablate_loss0_s1e12_rep5407_20260610/20260610_210021/vis_data/scalars.json,/data5/2025/ldh/OpenRSD/work_dirs/geonexus_dota2/roi_trans_remoteclip_s2_hierarchy_ablate_loss0_s1e12_rep5407_20260610,loss-0 stability replicate
2026-06-10,DOTA2 formal,DOTA2_1024_500/ss_val,valid-PNG formal,S2 loss-0 rep6407,S2,RoI Transformer,completed,positive,1,0.6205,0.6200,3,0.6182,0.6180,,/data5/2025/ldh/OpenRSD/work_dirs/geonexus_dota2/roi_trans_remoteclip_s2_hierarchy_ablate_loss0_s1e12_rep6407_20260611/20260611_102732/vis_data/scalars.json,/data5/2025/ldh/OpenRSD/work_dirs/geonexus_dota2/roi_trans_remoteclip_s2_hierarchy_ablate_loss0_s1e12_rep6407_20260611,loss-0 stability replicate
2026-06-10,DOTA2 formal,DOTA2_1024_500/ss_val,valid-PNG formal,S2 loss-0 rep7407,S2,RoI Transformer,completed,positive,1,0.6208,0.6210,3,0.6183,0.6180,,/data5/2025/ldh/OpenRSD/work_dirs/geonexus_dota2/roi_trans_remoteclip_s2_hierarchy_ablate_loss0_s1e12_rep7407_20260611/20260611_102732/vis_data/scalars.json,/data5/2025/ldh/OpenRSD/work_dirs/geonexus_dota2/roi_trans_remoteclip_s2_hierarchy_ablate_loss0_s1e12_rep7407_20260611,loss-0 stability replicate
2026-06-10,DOTA2 formal,DOTA2_1024_500/ss_val,valid-PNG formal,S2 loss-0 rep8407,S2,RoI Transformer,completed,positive,2,0.6196,0.6200,3,0.6121,0.6120,,/data5/2025/ldh/OpenRSD/work_dirs/geonexus_dota2/roi_trans_remoteclip_s2_hierarchy_ablate_loss0_s1e12_rep8407_20260611/20260611_102732/vis_data/scalars.json,/data5/2025/ldh/OpenRSD/work_dirs/geonexus_dota2/roi_trans_remoteclip_s2_hierarchy_ablate_loss0_s1e12_rep8407_20260611,loss-0 stability replicate
2026-06-11,DOTA2,DOTA2_1024_500/ss_val,experiment note,20260611_dota2_s2_loss0_replicates_analysis,S2,,failed,oom,,,,,,,,docs/experiments/20260611_dota2_s2_loss0_replicates_analysis.md,/data5/2025/ldh/OpenRSD/work_dirs/geonexus_dota2/roi_trans_remoteclip_s1_validpng_20260607/epoch_12.pth,# DOTA2 S2 Loss-0 Replicate Analysis - 2026-06-11
2026-06-11,DOTA2 formal,DOTA2_1024_500/ss_val,valid-PNG formal,S2 loss-0 mean,S2 aggregate,RoI Transformer,completed,positive,,0.6206,,,0.6167,,7,computed from DOTA2 S2 loss-0 scalar sources,,seven-replica mean
2026-06-12,DIOR-R,DIOR_R_dota/test,experiment note,20260612_dior_r_s0_sanitized_smoke_and_long_launch,S0,,failed,oom,,,,,,,,docs/experiments/20260612_dior_r_s0_sanitized_smoke_and_long_launch.md,,# DIOR-R S0 Sanitized Smoke And Long-Run Launch - 2026-06-12
2026-06-12,DIOR-R,DIOR_R_dota/test,diagnostic,DIOR-R sanitized smoke and long launch,S0 detector,RoI Transformer,launch_only,active_then_stopped,,,,,,,,docs/experiments/20260612_dior_r_s0_sanitized_smoke_and_long_launch.md,,Launch and smoke-test record before long-run completion.
2026-06-13,DIOR-R,DIOR_R_dota/test,experiment note,20260613_dior_r_s0_retinanet_sanitized_long_complete,S0,,completed,positive,,,,,,,,docs/experiments/20260613_dior_r_s0_retinanet_sanitized_long_complete.md,/data5/2025/ldh/OpenRSD/work_dirs/dior_r_s0_retinanet_sanitized_long_20260612_gpu2,# 2026-06-13 DIOR-R RetinaNet S0 Sanitized Long Complete
2026-06-13,DIOR-R,DIOR_R_dota/test,experiment note,20260613_dior_r_s0_sanitized_long_interim,S0,,failed,oom,,,,,,,,docs/experiments/20260613_dior_r_s0_sanitized_long_interim.md,/data5/2025/ldh/OpenRSD/work_dirs/dior_r_s0_orcnn_sanitized_long_20260612_gpu0,# DIOR-R S0 Sanitized Long Interim - 2026-06-13
2026-06-13,DIOR-R,DIOR_R_dota/test,experiment note,20260613_dior_r_geonexus_s1_s0e52_replicas_launch,S1,,completed,positive,,,,,,,,docs/experiments/20260613_dior_r_geonexus_s1_s0e52_replicas_launch.md,/data5/2025/ldh/OpenRSD/work_dirs/dior_r_s0_roi_trans_sanitized_long_20260612_gpu1/epoch_52.pth,# 2026-06-13 DIOR-R GeoNexus S1 S0-E52 Replicas Complete
2026-06-13,DIOR-R,DIOR_R_dota/test,,dior_r_geonexus_s1_s0e52_replicas rep0,S1,,completed,positive,12,0.6751,0.6750,12,0.6751,0.6750,,docs/experiments/20260613_dior_r_geonexus_s1_s0e52_replicas_metrics.json,/data5/2025/ldh/OpenRSD/work_dirs/geonexus_dior_r/roi_trans_remoteclip_s1_s0e52_rep0_20260613,seed 5407
2026-06-13,DIOR-R,DIOR_R_dota/test,,dior_r_geonexus_s1_s0e52_replicas rep1,S1,,completed,positive,12,0.6690,0.6690,12,0.6690,0.6690,,docs/experiments/20260613_dior_r_geonexus_s1_s0e52_replicas_metrics.json,/data5/2025/ldh/OpenRSD/work_dirs/geonexus_dior_r/roi_trans_remoteclip_s1_s0e52_rep1_20260613,seed 6407
2026-06-13,DIOR-R,DIOR_R_dota/test,experiment note,20260613_dior_r_geonexus_s2_hierarchy_replicas_launch,S2,,completed,positive,,,,,,,,docs/experiments/20260613_dior_r_geonexus_s2_hierarchy_replicas_launch.md,/data5/2025/ldh/OpenRSD/work_dirs/geonexus_dior_r/roi_trans_remoteclip_s1_s0e52_rep0_20260613/epoch_12.pth,# 2026-06-13 DIOR-R GeoNexus S2 Hierarchy Replicas Launch
2026-06-13,DIOR-R,DIOR_R_dota/test,experiment note,20260613_dior_r_s2_unrecorded_artifacts_archive,S2,,completed,positive,,,,,,,,docs/experiments/20260613_dior_r_s2_unrecorded_artifacts_archive.md,/data5/2025/ldh/OpenRSD/work_dirs/geonexus_dior_r/roi_trans_remoteclip_s2_hierarchy_reg_s1e12_rep0_20260613,# 2026-06-13 DIOR-R S2 Unrecorded Artifacts Archive
2026-06-13,DIOR-R,DIOR_R_dota/test,,dior_r_s2_unrecorded_artifacts rep0,S2,,completed,archive_only,,,,,,,,docs/experiments/20260613_dior_r_s2_unrecorded_artifacts_archive.json,/data5/2025/ldh/OpenRSD/work_dirs/geonexus_dior_r/roi_trans_remoteclip_s2_hierarchy_reg_s1e12_rep0_20260613,seed 7407
2026-06-13,DIOR-R,DIOR_R_dota/test,,dior_r_s2_unrecorded_artifacts rep1,S2,,completed,archive_only,,,,,,,,docs/experiments/20260613_dior_r_s2_unrecorded_artifacts_archive.json,/data5/2025/ldh/OpenRSD/work_dirs/geonexus_dior_r/roi_trans_remoteclip_s2_hierarchy_reg_s1e12_rep1_20260613,seed 8407
2026-06-13,DIOR-R,DIOR_R_dota/test,,dior_r_s2_unrecorded_artifacts rep2,S2,,completed,archive_only,,,,,,,,docs/experiments/20260613_dior_r_s2_unrecorded_artifacts_archive.json,/data5/2025/ldh/OpenRSD/work_dirs/geonexus_dior_r/roi_trans_remoteclip_s2_hierarchy_reg_s1e12_rep2_20260613,seed 9407
2026-06-13,DIOR-R formal,DIOR_R_dota/test,sanitized DIOR-R formal,Oriented R-CNN,S0 detector,Oriented R-CNN,completed,positive,28,0.6341,0.6340,36,0.6321,0.6320,,/data5/2025/ldh/OpenRSD/work_dirs/dior_r_s0_orcnn_sanitized_long_20260612_gpu0/20260612_181155/vis_data/scalars.json; /data5/2025/ldh/OpenRSD/work_dirs/dior_r_s0_orcnn_sanitized_long_20260612_gpu0/20260612_235635/vis_data/scalars.json,/data5/2025/ldh/OpenRSD/work_dirs/dior_r_s0_orcnn_sanitized_long_20260612_gpu0,sanitized detector baseline
2026-06-13,DIOR-R formal,DIOR_R_dota/test,sanitized DIOR-R formal,RoI Transformer,S0 detector,RoI Transformer,completed,positive,52,0.6544,0.6540,52,0.6544,0.6540,,/data5/2025/ldh/OpenRSD/work_dirs/dior_r_s0_roi_trans_sanitized_long_20260612_gpu1/20260612_232047/vis_data/scalars.json,/data5/2025/ldh/OpenRSD/work_dirs/dior_r_s0_roi_trans_sanitized_long_20260612_gpu1,sanitized detector baseline
2026-06-13,DIOR-R formal,DIOR_R_dota/test,sanitized DIOR-R formal,Rotated RetinaNet,S0 detector,Rotated RetinaNet,completed,positive,96,0.5694,0.5690,96,0.5694,0.5690,,/data5/2025/ldh/OpenRSD/work_dirs/dior_r_s0_retinanet_sanitized_long_20260612_gpu2/20260612_181213/vis_data/scalars.json; /data5/2025/ldh/OpenRSD/work_dirs/dior_r_s0_retinanet_sanitized_long_20260612_gpu2/20260612_235311/vis_data/scalars.json,/data5/2025/ldh/OpenRSD/work_dirs/dior_r_s0_retinanet_sanitized_long_20260612_gpu2,sanitized detector baseline
2026-06-13,DIOR-R formal,DIOR_R_dota/test,sanitized DIOR-R formal,S1 rep0,S1,RoI Transformer,completed,positive,12,0.6751,0.6750,12,0.6751,0.6750,,docs/experiments/20260613_dior_r_geonexus_s1_s0e52_replicas_metrics.json,/data5/2025/ldh/OpenRSD/work_dirs/geonexus_dior_r/roi_trans_remoteclip_s1_s0e52_rep0_20260613,seed 5407
2026-06-13,DIOR-R formal,DIOR_R_dota/test,sanitized DIOR-R formal,S1 rep1,S1,RoI Transformer,completed,positive,12,0.6690,0.6690,12,0.6690,0.6690,,docs/experiments/20260613_dior_r_geonexus_s1_s0e52_replicas_metrics.json,/data5/2025/ldh/OpenRSD/work_dirs/geonexus_dior_r/roi_trans_remoteclip_s1_s0e52_rep1_20260613,seed 6407
2026-06-13,DIOR-R formal,DIOR_R_dota/test,sanitized DIOR-R formal,S1 final mean,S1 aggregate,RoI Transformer,completed,positive,,0.6720,,,0.6720,,2,docs/experiments/20260613_dior_r_geonexus_s1_s0e52_replicas_metrics.json,,two-replica final mean
2026-06-14,DIOR-R,DIOR_R_dota/test,experiment note,20260614_dior_r_geonexus_s2_replicas_complete,S2,,completed,positive,,,,,,,,docs/experiments/20260614_dior_r_geonexus_s2_replicas_complete.md,/data5/2025/ldh/OpenRSD/work_dirs/geonexus_dior_r/roi_trans_remoteclip_s2_hierarchy_reg_s1e12_rep0_20260613/20260613_154141/vis_data/scalars.json,# 2026-06-14 DIOR-R GeoNexus S2 Replicas Complete
2026-06-14,DIOR-R,DIOR_R_dota/test,experiment note,20260614_dior_r_s2_confirmation_replicas_launch,S2,,completed,positive,,,,,,,,docs/experiments/20260614_dior_r_s2_confirmation_replicas_launch.md,/data5/2025/ldh/OpenRSD/work_dirs/geonexus_dior_r/roi_trans_remoteclip_s1_s0e52_rep0_20260613/epoch_12.pth,# DIOR-R GeoNexus S2 Confirmation Replicas Launch
2026-06-14,DIOR-R,DIOR_R_dota/test,"sanitized DIOR_R_dota train_val/test labels, MMRotate DOTAMetric mAP at IoU 0.5",dior_r_geonexus_s2_hierarchy_replicas rep0,S2,,completed,positive,8,0.6878,0.6880,12,0.6858,0.6860,,docs/experiments/20260614_dior_r_geonexus_s2_replicas_complete.json,/data5/2025/ldh/OpenRSD/work_dirs/geonexus_dior_r/roi_trans_remoteclip_s2_hierarchy_reg_s1e12_rep0_20260613,DIOR-R S2 is positive over S0 and S1 across six replicas. Use rep4 epoch 12 as the strongest S2 checkpoint for the S3 scene-adapter launch.
2026-06-14,DIOR-R,DIOR_R_dota/test,"sanitized DIOR_R_dota train_val/test labels, MMRotate DOTAMetric mAP at IoU 0.5",dior_r_geonexus_s2_hierarchy_replicas rep1,S2,,completed,positive,8,0.6905,0.6910,12,0.6833,0.6830,,docs/experiments/20260614_dior_r_geonexus_s2_replicas_complete.json,/data5/2025/ldh/OpenRSD/work_dirs/geonexus_dior_r/roi_trans_remoteclip_s2_hierarchy_reg_s1e12_rep1_20260613,DIOR-R S2 is positive over S0 and S1 across six replicas. Use rep4 epoch 12 as the strongest S2 checkpoint for the S3 scene-adapter launch.
2026-06-14,DIOR-R,DIOR_R_dota/test,"sanitized DIOR_R_dota train_val/test labels, MMRotate DOTAMetric mAP at IoU 0.5",dior_r_geonexus_s2_hierarchy_replicas rep2,S2,,completed,positive,12,0.6868,0.6870,12,0.6868,0.6870,,docs/experiments/20260614_dior_r_geonexus_s2_replicas_complete.json,/data5/2025/ldh/OpenRSD/work_dirs/geonexus_dior_r/roi_trans_remoteclip_s2_hierarchy_reg_s1e12_rep2_20260613,DIOR-R S2 is positive over S0 and S1 across six replicas. Use rep4 epoch 12 as the strongest S2 checkpoint for the S3 scene-adapter launch.
2026-06-14,DIOR-R,DIOR_R_dota/test,"sanitized DIOR_R_dota train_val/test labels, MMRotate DOTAMetric mAP at IoU 0.5",dior_r_geonexus_s2_hierarchy_replicas rep3,S2,,completed,positive,8,0.6873,0.6870,12,0.6808,0.6810,,docs/experiments/20260614_dior_r_geonexus_s2_replicas_complete.json,/data5/2025/ldh/OpenRSD/work_dirs/geonexus_dior_r/roi_trans_remoteclip_s2_hierarchy_reg_s1e12_rep3_20260614,DIOR-R S2 is positive over S0 and S1 across six replicas. Use rep4 epoch 12 as the strongest S2 checkpoint for the S3 scene-adapter launch.
2026-06-14,DIOR-R,DIOR_R_dota/test,"sanitized DIOR_R_dota train_val/test labels, MMRotate DOTAMetric mAP at IoU 0.5",dior_r_geonexus_s2_hierarchy_replicas rep4,S2,,completed,positive,12,0.6914,0.6910,12,0.6914,0.6910,,docs/experiments/20260614_dior_r_geonexus_s2_replicas_complete.json,/data5/2025/ldh/OpenRSD/work_dirs/geonexus_dior_r/roi_trans_remoteclip_s2_hierarchy_reg_s1e12_rep4_20260614,DIOR-R S2 is positive over S0 and S1 across six replicas. Use rep4 epoch 12 as the strongest S2 checkpoint for the S3 scene-adapter launch.
2026-06-14,DIOR-R,DIOR_R_dota/test,"sanitized DIOR_R_dota train_val/test labels, MMRotate DOTAMetric mAP at IoU 0.5",dior_r_geonexus_s2_hierarchy_replicas rep5,S2,,completed,positive,8,0.6882,0.6880,12,0.6857,0.6860,,docs/experiments/20260614_dior_r_geonexus_s2_replicas_complete.json,/data5/2025/ldh/OpenRSD/work_dirs/geonexus_dior_r/roi_trans_remoteclip_s2_hierarchy_reg_s1e12_rep5_20260614,DIOR-R S2 is positive over S0 and S1 across six replicas. Use rep4 epoch 12 as the strongest S2 checkpoint for the S3 scene-adapter launch.
2026-06-14,DIOR-R,DIOR_R_dota/test,experiment note,20260614_dior_r_geonexus_s3_scene_adapter_replicas_launch,S3,,completed,positive,,,,,,,,docs/experiments/20260614_dior_r_geonexus_s3_scene_adapter_replicas_launch.md,/data5/2025/ldh/OpenRSD/work_dirs/geonexus_dior_r/roi_trans_remoteclip_s2_hierarchy_reg_s1e12_rep4_20260614/epoch_12.pth,# DIOR-R GeoNexus S3 Scene-Adapter Replicas Launch
2026-06-14,DIOR-R formal,DIOR_R_dota/test,sanitized DIOR-R formal,S2 rep0,S2,RoI Transformer,completed,positive,8,0.6878,0.6880,12,0.6858,0.6860,,/data5/2025/ldh/OpenRSD/work_dirs/geonexus_dior_r/roi_trans_remoteclip_s2_hierarchy_reg_s1e12_rep0_20260613/20260613_154141/vis_data/scalars.json,/data5/2025/ldh/OpenRSD/work_dirs/geonexus_dior_r/roi_trans_remoteclip_s2_hierarchy_reg_s1e12_rep0_20260613,seed 7407
2026-06-14,DIOR-R formal,DIOR_R_dota/test,sanitized DIOR-R formal,S2 rep1,S2,RoI Transformer,completed,positive,8,0.6905,0.6910,12,0.6833,0.6830,,/data5/2025/ldh/OpenRSD/work_dirs/geonexus_dior_r/roi_trans_remoteclip_s2_hierarchy_reg_s1e12_rep1_20260613/20260613_154141/vis_data/scalars.json,/data5/2025/ldh/OpenRSD/work_dirs/geonexus_dior_r/roi_trans_remoteclip_s2_hierarchy_reg_s1e12_rep1_20260613,seed 8407
2026-06-14,DIOR-R formal,DIOR_R_dota/test,sanitized DIOR-R formal,S2 rep2,S2,RoI Transformer,completed,positive,12,0.6868,0.6870,12,0.6868,0.6870,,/data5/2025/ldh/OpenRSD/work_dirs/geonexus_dior_r/roi_trans_remoteclip_s2_hierarchy_reg_s1e12_rep2_20260613/20260613_154141/vis_data/scalars.json,/data5/2025/ldh/OpenRSD/work_dirs/geonexus_dior_r/roi_trans_remoteclip_s2_hierarchy_reg_s1e12_rep2_20260613,seed 9407
2026-06-14,DIOR-R formal,DIOR_R_dota/test,sanitized DIOR-R formal,S2 rep3,S2,RoI Transformer,completed,positive,8,0.6873,0.6870,12,0.6808,0.6810,,/data5/2025/ldh/OpenRSD/work_dirs/geonexus_dior_r/roi_trans_remoteclip_s2_hierarchy_reg_s1e12_rep3_20260614/20260614_111933/vis_data/scalars.json,/data5/2025/ldh/OpenRSD/work_dirs/geonexus_dior_r/roi_trans_remoteclip_s2_hierarchy_reg_s1e12_rep3_20260614,seed 10407
2026-06-14,DIOR-R formal,DIOR_R_dota/test,sanitized DIOR-R formal,S2 rep4,S2,RoI Transformer,completed,positive,12,0.6914,0.6910,12,0.6914,0.6910,,/data5/2025/ldh/OpenRSD/work_dirs/geonexus_dior_r/roi_trans_remoteclip_s2_hierarchy_reg_s1e12_rep4_20260614/20260614_111933/vis_data/scalars.json,/data5/2025/ldh/OpenRSD/work_dirs/geonexus_dior_r/roi_trans_remoteclip_s2_hierarchy_reg_s1e12_rep4_20260614,seed 11407
2026-06-14,DIOR-R formal,DIOR_R_dota/test,sanitized DIOR-R formal,S2 rep5,S2,RoI Transformer,completed,positive,8,0.6882,0.6880,12,0.6857,0.6860,,/data5/2025/ldh/OpenRSD/work_dirs/geonexus_dior_r/roi_trans_remoteclip_s2_hierarchy_reg_s1e12_rep5_20260614/20260614_111934/vis_data/scalars.json,/data5/2025/ldh/OpenRSD/work_dirs/geonexus_dior_r/roi_trans_remoteclip_s2_hierarchy_reg_s1e12_rep5_20260614,seed 12407
2026-06-14,DIOR-R formal,DIOR_R_dota/test,sanitized DIOR-R formal,S2 mean,S2 aggregate,RoI Transformer,completed,positive,,0.6887,,,0.6856,,6,docs/experiments/20260614_dior_r_geonexus_s2_replicas_complete.json,,six-replica best/final mean; best single rep4 epoch 12
2026-06-15,DIOR-R,DIOR_R_dota/test,experiment note,20260615_dior_r_geonexus_s3_scene_adapter_replicas_complete,S3,,completed,positive,,,,,,,,docs/experiments/20260615_dior_r_geonexus_s3_scene_adapter_replicas_complete.md,/data5/2025/ldh/OpenRSD/work_dirs/geonexus_dior_r/roi_trans_remoteclip_s2_hierarchy_reg_s1e12_rep4_20260614/epoch_12.pth,# 2026-06-15 DIOR-R GeoNexus S3 Scene-Adapter Replicas Complete
2026-06-15,DIOR-R,DIOR_R_dota/test,experiment note,20260615_dior_r_s3_epoch8_lr5e5_stability_complete,S3,,completed,positive,,,,,,,,docs/experiments/20260615_dior_r_s3_epoch8_lr5e5_stability_complete.md,,# 2026-06-15 DIOR-R S3 Epoch-8 LR5e-5 Stability Complete
2026-06-15,DIOR-R,DIOR_R_dota/test,experiment note,20260615_dior_r_s3_epoch8_lr5e5_stability_launch,S3,,failed,oom,,,,,,,,docs/experiments/20260615_dior_r_s3_epoch8_lr5e5_stability_launch.md,,# DIOR-R S3 Epoch-8 LR5e-5 Stability Launch
2026-06-15,DIOR-R,DIOR_R_dota/test,"sanitized DIOR_R_dota train_val/test labels, MMRotate DOTAMetric mAP at IoU 0.5",dior_r_geonexus_s3_scene_adapter_replicas rep0,S3,,completed,positive,8,0.6992,0.6990,12,0.6793,0.6790,,docs/experiments/20260615_dior_r_geonexus_s3_scene_adapter_replicas_complete.json,/data5/2025/ldh/OpenRSD/work_dirs/geonexus_dior_r/roi_trans_remoteclip_s3_scene_adapter_s2e12_rep0_20260614,"DIOR-R S3 gives strong best-checkpoint scene-adapter evidence over S2, but final-checkpoint evidence is only roughly tied with S2. Use best and final means separately."
2026-06-15,DIOR-R,DIOR_R_dota/test,"sanitized DIOR_R_dota train_val/test labels, MMRotate DOTAMetric mAP at IoU 0.5",dior_r_geonexus_s3_scene_adapter_replicas rep1,S3,,completed,positive,8,0.6990,0.6990,12,0.6871,0.6870,,docs/experiments/20260615_dior_r_geonexus_s3_scene_adapter_replicas_complete.json,/data5/2025/ldh/OpenRSD/work_dirs/geonexus_dior_r/roi_trans_remoteclip_s3_scene_adapter_s2e12_rep1_20260614,"DIOR-R S3 gives strong best-checkpoint scene-adapter evidence over S2, but final-checkpoint evidence is only roughly tied with S2. Use best and final means separately."
2026-06-15,DIOR-R,DIOR_R_dota/test,"sanitized DIOR_R_dota train_val/test labels, MMRotate DOTAMetric mAP at IoU 0.5",dior_r_geonexus_s3_scene_adapter_replicas rep2,S3,,completed,positive,8,0.6956,0.6960,12,0.6912,0.6910,,docs/experiments/20260615_dior_r_geonexus_s3_scene_adapter_replicas_complete.json,/data5/2025/ldh/OpenRSD/work_dirs/geonexus_dior_r/roi_trans_remoteclip_s3_scene_adapter_s2e12_rep2_20260614,"DIOR-R S3 gives strong best-checkpoint scene-adapter evidence over S2, but final-checkpoint evidence is only roughly tied with S2. Use best and final means separately."
2026-06-15,DIOR-R,DIOR_R_dota/test,"sanitized DIOR_R_dota train_val/test labels, MMRotate DOTAMetric mAP at IoU 0.5",dior_r_s3_epoch8_lr5e5_stability rep0,S3,,completed,positive,2,0.6971,,4,0.6918,,,docs/experiments/20260615_dior_r_s3_epoch8_lr5e5_stability_complete.json,/data5/2025/ldh/OpenRSD/work_dirs/geonexus_dior_r/roi_trans_remoteclip_s3_scene_adapter_epoch8_lr5e5_stability_rep0_20260615,"Lower than original S3 best mean 0.6979, but improves final stability over original S3 final 0.6859 and S2 final 0.6856."
2026-06-15,DIOR-R,DIOR_R_dota/test,"sanitized DIOR_R_dota train_val/test labels, MMRotate DOTAMetric mAP at IoU 0.5",dior_r_s3_epoch8_lr5e5_stability rep1,S3,,completed,positive,1,0.6876,,4,0.6872,,,docs/experiments/20260615_dior_r_s3_epoch8_lr5e5_stability_complete.json,/data5/2025/ldh/OpenRSD/work_dirs/geonexus_dior_r/roi_trans_remoteclip_s3_scene_adapter_epoch8_lr5e5_stability_rep1_20260615,"Lower than original S3 best mean 0.6979, but improves final stability over original S3 final 0.6859 and S2 final 0.6856."
2026-06-15,DIOR-R,DIOR_R_dota/test,"sanitized DIOR_R_dota train_val/test labels, MMRotate DOTAMetric mAP at IoU 0.5",dior_r_s3_epoch8_lr5e5_stability rep2,S3,,completed,positive,4,0.6919,,4,0.6919,,,docs/experiments/20260615_dior_r_s3_epoch8_lr5e5_stability_complete.json,/data5/2025/ldh/OpenRSD/work_dirs/geonexus_dior_r/roi_trans_remoteclip_s3_scene_adapter_epoch8_lr5e5_stability_rep2_20260615,"Lower than original S3 best mean 0.6979, but improves final stability over original S3 final 0.6859 and S2 final 0.6856."
2026-06-15,DIOR-R formal,DIOR_R_dota/test,sanitized DIOR-R formal,S3 scene adapter rep0,S3,RoI Transformer,completed,positive_best_checkpoint_final_tied,8,0.6992,0.6990,12,0.6793,0.6790,,/data5/2025/ldh/OpenRSD/work_dirs/geonexus_dior_r/roi_trans_remoteclip_s3_scene_adapter_s2e12_rep0_20260614/20260614_161203/vis_data/scalars.json,/data5/2025/ldh/OpenRSD/work_dirs/geonexus_dior_r/roi_trans_remoteclip_s3_scene_adapter_s2e12_rep0_20260614,seed 13407; scene-adapter replica
2026-06-15,DIOR-R formal,DIOR_R_dota/test,sanitized DIOR-R formal,S3 scene adapter rep1,S3,RoI Transformer,completed,positive_best_checkpoint_final_tied,8,0.6990,0.6990,12,0.6871,0.6870,,/data5/2025/ldh/OpenRSD/work_dirs/geonexus_dior_r/roi_trans_remoteclip_s3_scene_adapter_s2e12_rep1_20260614/20260614_161203/vis_data/scalars.json,/data5/2025/ldh/OpenRSD/work_dirs/geonexus_dior_r/roi_trans_remoteclip_s3_scene_adapter_s2e12_rep1_20260614,seed 14407; scene-adapter replica
2026-06-15,DIOR-R formal,DIOR_R_dota/test,sanitized DIOR-R formal,S3 scene adapter rep2,S3,RoI Transformer,completed,positive_best_checkpoint_final_tied,8,0.6956,0.6960,12,0.6912,0.6910,,/data5/2025/ldh/OpenRSD/work_dirs/geonexus_dior_r/roi_trans_remoteclip_s3_scene_adapter_s2e12_rep2_20260614/20260614_161203/vis_data/scalars.json,/data5/2025/ldh/OpenRSD/work_dirs/geonexus_dior_r/roi_trans_remoteclip_s3_scene_adapter_s2e12_rep2_20260614,seed 15407; scene-adapter replica
2026-06-15,DIOR-R formal,DIOR_R_dota/test,sanitized DIOR-R formal,S3 scene adapter mean,S3 aggregate,RoI Transformer,completed,positive_best_checkpoint_final_tied,,0.6979,,,0.6859,,3,docs/experiments/20260615_dior_r_geonexus_s3_scene_adapter_replicas_complete.json,,three-replica best/final mean; best single rep0 epoch 8
2026-06-15,DIOR-R formal,DIOR_R_dota/test,sanitized DIOR-R formal,S3 epoch-8 LR5e-5 stability rep0,S3 stability,RoI Transformer,completed,final_stability_improved_best_lower,2,0.6971,,4,0.6918,,,docs/experiments/20260615_dior_r_s3_epoch8_lr5e5_stability_complete.json,/data5/2025/ldh/OpenRSD/work_dirs/geonexus_dior_r/roi_trans_remoteclip_s3_scene_adapter_epoch8_lr5e5_stability_rep0_20260615,LR5e-5 continuation from original S3 epoch-8 checkpoint
2026-06-15,DIOR-R formal,DIOR_R_dota/test,sanitized DIOR-R formal,S3 epoch-8 LR5e-5 stability rep1,S3 stability,RoI Transformer,completed,final_stability_improved_best_lower,1,0.6876,,4,0.6872,,,docs/experiments/20260615_dior_r_s3_epoch8_lr5e5_stability_complete.json,/data5/2025/ldh/OpenRSD/work_dirs/geonexus_dior_r/roi_trans_remoteclip_s3_scene_adapter_epoch8_lr5e5_stability_rep1_20260615,LR5e-5 continuation from original S3 epoch-8 checkpoint
2026-06-15,DIOR-R formal,DIOR_R_dota/test,sanitized DIOR-R formal,S3 epoch-8 LR5e-5 stability rep2,S3 stability,RoI Transformer,completed,final_stability_improved_best_lower,4,0.6919,,4,0.6919,,,docs/experiments/20260615_dior_r_s3_epoch8_lr5e5_stability_complete.json,/data5/2025/ldh/OpenRSD/work_dirs/geonexus_dior_r/roi_trans_remoteclip_s3_scene_adapter_epoch8_lr5e5_stability_rep2_20260615,LR5e-5 continuation from original S3 epoch-8 checkpoint
2026-06-15,DIOR-R formal,DIOR_R_dota/test,sanitized DIOR-R formal,S3 epoch-8 LR5e-5 stability mean,S3 stability aggregate,RoI Transformer,completed,final_stability_improved_best_lower,,0.6922,,,0.6903,,3,docs/experiments/20260615_dior_r_s3_epoch8_lr5e5_stability_complete.json,,lower than original S3 best mean 0.6979; final mean improves over original S3 final 0.6859 and S2 final 0.6856
2026-06-15,DOTA2,DOTA2_1024_500/ss_val,experiment note,20260615_dota2_s3_scene_adapter_loss0_best_launch,S3,,failed,oom,,,,,,,,docs/experiments/20260615_dota2_s3_scene_adapter_loss0_best_launch.md,/data5/2025/ldh/OpenRSD/work_dirs/geonexus_dota2/roi_trans_remoteclip_s2_hierarchy_ablate_loss0_s1e12_rep3407_20260610/epoch_1.pth,# DOTA2 GeoNexus S3 Scene-Adapter Loss-0 Best Replicas Launch
2026-06-16,DIOR-R,DIOR_R_dota/test,experiment note,20260616_result_analysis_and_claim_boundaries,S0,,completed,negative_to_neutral,,,,,,,,docs/experiments/20260616_result_analysis_and_claim_boundaries.md,,# 2026-06-16 Result Analysis And Claim Boundaries
2026-06-16,DIOR-R,DIOR_R_dota/test,experiment note,20260616_dior_r_s3_stability_e4_lr2p5e5_complete,S3,,completed,neutral,,,,,,,,docs/experiments/20260616_dior_r_s3_stability_e4_lr2p5e5_complete.md,,# 2026-06-16 DIOR-R S3 Stability E4 LR2.5e-5 Complete
2026-06-16,DIOR-R,DIOR_R_dota/test,"sanitized DIOR_R_dota train_val/test labels, MMRotate DOTAMetric mAP at IoU 0.5",dior_r_s3_stability_e4_lr2p5e5 rep0,S3,,completed,neutral,3,0.6950,0.6950,4,0.6924,0.6920,,docs/experiments/20260616_dior_r_s3_stability_e4_lr2p5e5_complete.json,/data5/2025/ldh/OpenRSD/work_dirs/geonexus_dior_r/roi_trans_remoteclip_s3_scene_adapter_stability_e4_lr2p5e5_rep0_20260616,neutral
2026-06-16,DIOR-R,DIOR_R_dota/test,"sanitized DIOR_R_dota train_val/test labels, MMRotate DOTAMetric mAP at IoU 0.5",dior_r_s3_stability_e4_lr2p5e5 rep1,S3,,completed,neutral,3,0.6872,0.6870,4,0.6871,0.6870,,docs/experiments/20260616_dior_r_s3_stability_e4_lr2p5e5_complete.json,/data5/2025/ldh/OpenRSD/work_dirs/geonexus_dior_r/roi_trans_remoteclip_s3_scene_adapter_stability_e4_lr2p5e5_rep1_20260616,neutral
2026-06-16,DIOR-R,DIOR_R_dota/test,"sanitized DIOR_R_dota train_val/test labels, MMRotate DOTAMetric mAP at IoU 0.5",dior_r_s3_stability_e4_lr2p5e5 rep2,S3,,completed,neutral,3,0.6903,0.6900,4,0.6882,0.6880,,docs/experiments/20260616_dior_r_s3_stability_e4_lr2p5e5_complete.json,/data5/2025/ldh/OpenRSD/work_dirs/geonexus_dior_r/roi_trans_remoteclip_s3_scene_adapter_stability_e4_lr2p5e5_rep2_20260616,neutral
2026-06-16,DIOR-R formal,DIOR_R_dota/test,sanitized DIOR-R formal,S3 stability e4 LR2.5e-5 rep0,S3 stability,RoI Transformer,completed,neutral,3,0.6950,0.6950,4,0.6924,0.6920,,docs/experiments/20260616_dior_r_s3_stability_e4_lr2p5e5_complete.json,/data5/2025/ldh/OpenRSD/work_dirs/geonexus_dior_r/roi_trans_remoteclip_s3_scene_adapter_stability_e4_lr2p5e5_rep0_20260616,LR2.5e-5 continuation from LR5e-5 stability epoch-4 checkpoint
2026-06-16,DIOR-R formal,DIOR_R_dota/test,sanitized DIOR-R formal,S3 stability e4 LR2.5e-5 rep1,S3 stability,RoI Transformer,completed,neutral,3,0.6872,0.6870,4,0.6871,0.6870,,docs/experiments/20260616_dior_r_s3_stability_e4_lr2p5e5_complete.json,/data5/2025/ldh/OpenRSD/work_dirs/geonexus_dior_r/roi_trans_remoteclip_s3_scene_adapter_stability_e4_lr2p5e5_rep1_20260616,LR2.5e-5 continuation from LR5e-5 stability epoch-4 checkpoint
2026-06-16,DIOR-R formal,DIOR_R_dota/test,sanitized DIOR-R formal,S3 stability e4 LR2.5e-5 rep2,S3 stability,RoI Transformer,completed,neutral,3,0.6903,0.6900,4,0.6882,0.6880,,docs/experiments/20260616_dior_r_s3_stability_e4_lr2p5e5_complete.json,/data5/2025/ldh/OpenRSD/work_dirs/geonexus_dior_r/roi_trans_remoteclip_s3_scene_adapter_stability_e4_lr2p5e5_rep2_20260616,LR2.5e-5 continuation from LR5e-5 stability epoch-4 checkpoint
2026-06-16,DIOR-R formal,DIOR_R_dota/test,sanitized DIOR-R formal,S3 stability e4 LR2.5e-5 mean,S3 stability aggregate,RoI Transformer,completed,neutral,,0.6908,,,0.6892,,3,docs/experiments/20260616_dior_r_s3_stability_e4_lr2p5e5_complete.json,,neutral final-stability follow-up; final mean above S2 final 0.6856 but below useful threshold 0.6903
2026-06-16,DOTA2,DOTA2_1024_500/ss_val,experiment note,20260616_dota2_s3_scene_adapter_loss0_best_complete,S3,,completed,negative_to_neutral,,,,,,,,docs/experiments/20260616_dota2_s3_scene_adapter_loss0_best_complete.md,/data5/2025/ldh/OpenRSD/work_dirs/geonexus_dota2/roi_trans_remoteclip_s3_scene_adapter_loss0_best_rep3407_20260615/20260615_150453/vis_data/scalars.json,# 2026-06-16 DOTA2 S3 Scene-Adapter Loss-0-Best Replicas Complete
2026-06-16,DOTA2,DOTA2_1024_500/ss_val,"valid-PNG DOTA2_1024_500 train/ss_val labels, MMRotate DOTAMetric mAP at IoU 0.5",dota2_s3_scene_adapter_loss0_best rep3407,S3,,completed,negative_to_neutral,2,0.6214,0.6210,4,0.6132,0.6130,,docs/experiments/20260616_dota2_s3_scene_adapter_loss0_best_complete.json,/data5/2025/ldh/OpenRSD/work_dirs/geonexus_dota2/roi_trans_remoteclip_s3_scene_adapter_loss0_best_rep3407_20260615,"DOTA2 S3 completed cleanly but is not stronger than S2 loss-0: best mean 0.619927 is below S2 best mean 0.620606, and final mean 0.615078 is below S2 final mean 0.616655. Treat as exploratory/negative-to-neutral DOTA2 S3"
2026-06-16,DOTA2,DOTA2_1024_500/ss_val,"valid-PNG DOTA2_1024_500 train/ss_val labels, MMRotate DOTAMetric mAP at IoU 0.5",dota2_s3_scene_adapter_loss0_best rep4407,S3,,completed,negative_to_neutral,1,0.6176,0.6180,4,0.6154,0.6150,,docs/experiments/20260616_dota2_s3_scene_adapter_loss0_best_complete.json,/data5/2025/ldh/OpenRSD/work_dirs/geonexus_dota2/roi_trans_remoteclip_s3_scene_adapter_loss0_best_rep4407_20260615,"DOTA2 S3 completed cleanly but is not stronger than S2 loss-0: best mean 0.619927 is below S2 best mean 0.620606, and final mean 0.615078 is below S2 final mean 0.616655. Treat as exploratory/negative-to-neutral DOTA2 S3"
2026-06-16,DOTA2,DOTA2_1024_500/ss_val,"valid-PNG DOTA2_1024_500 train/ss_val labels, MMRotate DOTAMetric mAP at IoU 0.5",dota2_s3_scene_adapter_loss0_best rep5407,S3,,completed,negative_to_neutral,1,0.6208,0.6210,4,0.6166,0.6170,,docs/experiments/20260616_dota2_s3_scene_adapter_loss0_best_complete.json,/data5/2025/ldh/OpenRSD/work_dirs/geonexus_dota2/roi_trans_remoteclip_s3_scene_adapter_loss0_best_rep5407_20260615,"DOTA2 S3 completed cleanly but is not stronger than S2 loss-0: best mean 0.619927 is below S2 best mean 0.620606, and final mean 0.615078 is below S2 final mean 0.616655. Treat as exploratory/negative-to-neutral DOTA2 S3"
2026-06-16,DOTA2 formal,DOTA2_1024_500/ss_val,valid-PNG formal,S3 scene adapter rep3407,S3,RoI Transformer,completed,negative_to_neutral,2,0.6214,0.6210,4,0.6132,0.6130,,/data5/2025/ldh/OpenRSD/work_dirs/geonexus_dota2/roi_trans_remoteclip_s3_scene_adapter_loss0_best_rep3407_20260615/20260615_150453/vis_data/scalars.json,/data5/2025/ldh/OpenRSD/work_dirs/geonexus_dota2/roi_trans_remoteclip_s3_scene_adapter_loss0_best_rep3407_20260615,seed 93407; scene-adapter replica from loss-0 best checkpoint
2026-06-16,DOTA2 formal,DOTA2_1024_500/ss_val,valid-PNG formal,S3 scene adapter rep4407,S3,RoI Transformer,completed,negative_to_neutral,1,0.6176,0.6180,4,0.6154,0.6150,,/data5/2025/ldh/OpenRSD/work_dirs/geonexus_dota2/roi_trans_remoteclip_s3_scene_adapter_loss0_best_rep4407_20260615/20260615_150453/vis_data/scalars.json,/data5/2025/ldh/OpenRSD/work_dirs/geonexus_dota2/roi_trans_remoteclip_s3_scene_adapter_loss0_best_rep4407_20260615,seed 94407; scene-adapter replica from loss-0 best checkpoint
2026-06-16,DOTA2 formal,DOTA2_1024_500/ss_val,valid-PNG formal,S3 scene adapter rep5407,S3,RoI Transformer,completed,negative_to_neutral,1,0.6208,0.6210,4,0.6166,0.6170,,/data5/2025/ldh/OpenRSD/work_dirs/geonexus_dota2/roi_trans_remoteclip_s3_scene_adapter_loss0_best_rep5407_20260615/20260615_150453/vis_data/scalars.json,/data5/2025/ldh/OpenRSD/work_dirs/geonexus_dota2/roi_trans_remoteclip_s3_scene_adapter_loss0_best_rep5407_20260615,seed 95407; scene-adapter replica from loss-0 best checkpoint
2026-06-16,DOTA2 formal,DOTA2_1024_500/ss_val,valid-PNG formal,S3 scene adapter mean,S3 aggregate,RoI Transformer,completed,negative_to_neutral,,0.6199,,,0.6151,,3,docs/experiments/20260616_dota2_s3_scene_adapter_loss0_best_complete.json,,three-replica best/final mean; below DOTA2 S2 loss-0 best and final means
